"Date","Price","Open","High","Low","Vol.","Change %"
"Aug 18, 2022","23,446.3","23,337.7","23,512.3","23,297.7","228.41K","0.46%"
"Aug 17, 2022","23,338.0","23,855.8","24,423.5","23,191.6","239.53K","-2.17%"
"Aug 16, 2022","23,856.8","24,102.6","24,240.8","23,693.8","201.70K","-1.02%"
"Aug 15, 2022","24,101.7","24,303.3","25,205.7","23,784.5","279.28K","-0.83%"
"Aug 14, 2022","24,302.8","24,442.1","24,997.3","24,172.2","177.25K","-0.57%"
"Aug 13, 2022","24,442.5","24,398.9","24,882.9","24,318.7","170.59K","0.18%"
"Aug 12, 2022","24,398.7","23,935.3","24,440.8","23,616.4","194.96K","1.94%"
"Aug 11, 2022","23,935.3","23,963.3","24,873.5","23,864.0","285.36K","-0.12%"
"Aug 10, 2022","23,962.9","23,150.3","24,209.9","22,714.7","243.61K","3.53%"
"Aug 09, 2022","23,146.7","23,818.1","23,912.0","22,886.5","169.62K","-2.81%"
"Aug 08, 2022","23,816.3","23,175.3","24,234.1","23,160.6","197.94K","2.77%"
"Aug 07, 2022","23,175.3","22,944.2","23,387.7","22,852.3","99.36K","1.01%"
"Aug 06, 2022","22,944.2","23,308.2","23,344.4","22,923.6","94.44K","-1.56%"
"Aug 05, 2022","23,308.2","22,613.3","23,447.6","22,593.5","208.90K","3.08%"
"Aug 04, 2022","22,612.1","22,822.2","23,214.5","22,438.7","181.19K","-0.91%"
"Aug 03, 2022","22,820.8","22,988.7","23,623.7","22,698.6","174.66K","-0.73%"
"Aug 02, 2022","22,988.6","23,271.1","23,423.3","22,670.8","177.30K","-1.21%"
"Aug 01, 2022","23,271.2","23,303.4","23,484.4","22,863.8","162.33K","-0.14%"
"Jul 31, 2022","23,303.4","23,634.2","24,179.3","23,236.2","138.84K","-1.40%"
"Jul 30, 2022","23,634.2","23,774.2","24,605.3","23,521.8","168.72K","-0.59%"
"Jul 29, 2022","23,774.3","23,850.2","24,340.0","23,451.4","221.66K","-0.32%"
"Jul 28, 2022","23,850.0","22,957.7","24,190.5","22,611.6","268.32K","3.88%"
"Jul 27, 2022","22,958.3","21,248.0","23,027.8","21,047.5","242.66K","8.05%"
"Jul 26, 2022","21,248.7","21,301.6","21,322.3","20,737.3","201.57K","-0.25%"
"Jul 25, 2022","21,301.9","22,582.3","22,653.3","21,275.4","206.93K","-5.67%"
"Jul 24, 2022","22,582.1","22,449.8","22,987.9","22,281.3","126.66K","0.54%"
"Jul 23, 2022","22,460.4","22,683.6","22,991.0","21,971.7","137.42K","-0.95%"
"Jul 22, 2022","22,675.2","23,150.0","23,741.4","22,524.2","197.54K","-2.06%"
"Jul 21, 2022","23,153.0","23,219.9","23,403.8","22,360.2","217.08K","-0.27%"
"Jul 20, 2022","23,215.2","23,412.0","24,258.0","22,944.4","281.31K","-0.83%"
"Jul 19, 2022","23,410.2","22,529.3","23,757.3","21,581.8","308.91K","3.93%"
"Jul 18, 2022","22,525.8","20,785.6","22,714.9","20,770.6","279.72K","8.37%"
"Jul 17, 2022","20,785.6","21,209.8","21,654.4","20,755.2","132.81K","-2.00%"
"Jul 16, 2022","21,209.9","20,825.2","21,561.3","20,484.4","136.89K","1.85%"
"Jul 15, 2022","20,825.1","20,586.1","21,178.1","20,393.4","164.67K","1.16%"
"Jul 14, 2022","20,586.0","20,250.0","20,862.2","19,664.9","205.28K","1.66%"
"Jul 13, 2022","20,250.0","19,331.6","20,250.8","18,942.2","249.38K","4.75%"
"Jul 12, 2022","19,330.9","19,963.2","20,051.7","19,279.6","167.91K","-3.17%"
"Jul 11, 2022","19,963.2","20,847.2","20,855.0","19,897.0","160.20K","-4.24%"
"Jul 10, 2022","20,847.4","21,587.4","21,599.2","20,689.7","204.68K","-3.43%"
"Jul 09, 2022","21,587.5","21,610.4","21,944.1","21,338.4","190.11K","-0.11%"
"Jul 08, 2022","21,611.2","21,637.1","22,482.1","21,207.0","439.90K","-0.12%"
"Jul 07, 2022","21,637.8","20,557.9","21,817.8","20,282.7","115.81K","5.24%"
"Jul 06, 2022","20,561.1","20,180.4","20,654.9","19,785.3","105.24K","1.78%"
"Jul 05, 2022","20,200.6","20,215.8","20,706.9","19,315.4","122.43K","-0.08%"
"Jul 04, 2022","20,215.8","19,310.6","20,303.8","19,052.5","92.79K","4.69%"
"Jul 03, 2022","19,309.9","19,243.4","19,626.4","18,794.4","65.27K","0.35%"
"Jul 02, 2022","19,243.2","19,275.4","19,425.4","19,006.4","58.57K","-0.10%"
"Jul 01, 2022","19,262.9","19,926.6","20,785.6","18,980.1","150.18K","-3.33%"
"Jun 30, 2022","19,926.6","20,111.3","20,155.1","18,682.7","127.73K","-0.92%"
"Jun 29, 2022","20,111.3","20,278.0","20,415.8","19,880.7","98.97K","-0.82%"
"Jun 28, 2022","20,278.0","20,727.9","21,200.2","20,210.5","83.83K","-2.18%"
"Jun 27, 2022","20,730.2","21,037.7","21,497.5","20,568.0","84.69K","-1.49%"
"Jun 26, 2022","21,043.5","21,489.9","21,837.4","20,989.7","67.21K","-2.08%"
"Jun 25, 2022","21,489.9","21,226.9","21,553.4","20,917.5","66.63K","1.24%"
"Jun 24, 2022","21,226.9","21,100.9","21,488.7","20,743.9","104.56K","0.60%"
"Jun 23, 2022","21,100.7","19,967.3","21,189.8","19,907.5","110.70K","5.68%"
"Jun 22, 2022","19,965.8","20,720.2","20,864.3","19,780.2","125.94K","-3.64%"
"Jun 21, 2022","20,720.4","20,571.6","21,689.3","20,371.7","136.32K","0.72%"
"Jun 20, 2022","20,572.3","20,576.9","20,996.8","19,658.8","140.60K","-0.02%"
"Jun 19, 2022","20,577.2","18,983.4","20,763.5","17,983.7","169.39K","8.38%"
"Jun 18, 2022","18,986.5","20,446.4","20,744.7","17,630.5","267.25K","-7.13%"
"Jun 17, 2022","20,444.6","20,391.3","21,315.4","20,244.1","136.27K","0.28%"
"Jun 16, 2022","20,386.6","22,577.9","22,942.1","20,231.1","144.00K","-9.71%"
"Jun 15, 2022","22,577.9","22,137.5","22,754.4","20,125.8","280.41K","1.90%"
"Jun 14, 2022","22,157.3","22,449.1","23,200.3","20,860.9","251.01K","-1.29%"
"Jun 13, 2022","22,448.0","26,606.3","26,857.6","22,006.3","379.26K","-15.63%"
"Jun 12, 2022","26,606.3","28,404.0","28,534.8","26,606.3","120.02K","-6.33%"
"Jun 11, 2022","28,403.4","29,083.3","29,426.6","28,161.8","82.92K","-2.34%"
"Jun 10, 2022","29,083.3","30,097.4","30,325.6","28,884.9","104.26K","-3.37%"
"Jun 09, 2022","30,097.8","30,202.1","30,691.4","29,953.8","61.72K","-0.34%"
"Jun 08, 2022","30,201.6","31,127.2","31,312.1","29,874.8","87.96K","-2.98%"
"Jun 07, 2022","31,128.8","31,370.3","31,556.6","29,235.0","140.32K","-0.76%"
"Jun 06, 2022","31,367.6","29,911.2","31,753.4","29,888.6","94.01K","4.86%"
"Jun 05, 2022","29,913.0","29,865.1","30,166.9","29,539.0","30.33K","0.16%"
"Jun 04, 2022","29,864.3","29,700.9","29,963.8","29,489.5","33.51K","0.55%"
"Jun 03, 2022","29,700.9","30,455.7","30,674.8","29,330.8","72.13K","-2.48%"
"Jun 02, 2022","30,455.5","29,798.6","30,638.5","29,604.4","81.40K","2.20%"
"Jun 01, 2022","29,798.5","31,793.1","31,969.9","29,396.6","135.09K","-6.27%"
"May 31, 2022","31,793.4","31,730.2","32,377.5","31,221.2","86.60K","0.22%"
"May 30, 2022","31,723.3","29,465.2","32,185.6","29,307.2","129.56K","7.66%"
"May 29, 2022","29,465.2","29,027.1","29,556.5","28,838.7","36.87K","1.51%"
"May 28, 2022","29,027.1","28,620.1","29,194.4","28,537.2","43.87K","1.49%"
"May 27, 2022","28,601.2","29,194.0","29,377.1","28,282.2","116.41K","-2.06%"
"May 26, 2022","29,203.5","29,537.9","29,868.9","28,077.9","126.71K","-1.14%"
"May 25, 2022","29,540.6","29,648.7","30,202.3","29,353.5","78.85K","-0.36%"
"May 24, 2022","29,648.7","29,091.6","29,810.8","28,706.1","79.42K","1.91%"
"May 23, 2022","29,093.3","30,287.3","30,644.8","28,913.6","92.10K","-3.94%"
"May 22, 2022","30,286.6","29,433.0","30,462.0","29,260.1","50.60K","2.89%"
"May 21, 2022","29,434.6","29,188.7","29,623.2","28,953.9","32.27K","0.88%"
"May 20, 2022","29,178.6","30,305.9","30,735.1","28,738.5","98.78K","-3.72%"
"May 19, 2022","30,305.9","28,700.4","30,525.1","28,682.1","101.38K","5.66%"
"May 18, 2022","28,683.7","30,437.5","30,687.9","28,648.1","92.03K","-5.76%"